{"cameraMode":{"drawMode":0,"name":"Shaded","section":"Shading Mode"},"sceneLighting":true,"audioPlay":false,"sceneViewState":{"showFog":true,"showMaterialUpdate":false,"showSkybox":true,"showFlares":true,"showImageEffects":true,"showParticleSystems":true},"in2DMode":false,"pivot":{"x":-16.54984474182129,"y":44.982887268066409,"z":-57.01597213745117},"rotation":{"x":0.3994215428829193,"y":0.12341412156820297,"z":-0.05444769933819771,"w":0.9068356156349182},"size":2.225322961807251,"orthographic":false}